{
    "rmse": 0.7398048870591867,
    "mae": 0.6009862027520245,
    "r2": 0.09698578657731427
}