{
    "rmse": 0.7671348171872188,
    "mae": 0.6198923739960428,
    "r2": 0.09787465927148431
}